,Publication number,Category,Publication number.1,Category.1,Publication number.2,Category.2,Publication number.3,Category.3
0,US9040302B2,Non-Alcohol,US9012694B2,Alcohol,US9277674B2,Non-Autonomous Vehicles,US9646356B1,Autonomous Vehicles
2,US9040107B2,Non-Alcohol,US9010952B2,Alcohol,US9277311B2,Non-Autonomous Vehicles,US9622452B2,Autonomous Vehicles
4,US9038991B2,Non-Alcohol,US8981165B2,Alcohol,US9276431B2,Non-Autonomous Vehicles,US9598078B2,Autonomous Vehicles
5,US9034404B2,Non-Alcohol,US8980599B2,Alcohol,US9276299B2,Non-Autonomous Vehicles,US9586661B1,Autonomous Vehicles
6,US9034402B2,Non-Alcohol,US8980595B2,Alcohol,US9276265B2,Non-Autonomous Vehicles,US20170088145A1,Autonomous Vehicles
7,US9033315B2,Non-Alcohol,US8968805B2,Alcohol,US9275546B2,Non-Autonomous Vehicles,US9532545B2,Autonomous Vehicles
8,US9028904B2,Non-Alcohol,US8967407B2,Alcohol,US9275505B2,Non-Autonomous Vehicles,US9517821B2,Autonomous Vehicles
9,US9028896B2,Non-Alcohol,US20150096697A1,Alcohol,US9275502B2,Non-Autonomous Vehicles,US9483948B1,Autonomous Vehicles
10,US9028886B2,Non-Alcohol,US8940129B2,Alcohol,US9275501B2,Non-Autonomous Vehicles,US9481367B1,Autonomous Vehicles
11,US9027472B2,Non-Alcohol,US8932845B2,Alcohol,US9275458B2,Non-Autonomous Vehicles,US9481366B1,Autonomous Vehicles
12,US9027463B2,Non-Alcohol,US8931396B2,Alcohol,US9275417B2,Non-Autonomous Vehicles,US9475193B2,Autonomous Vehicles
13,US9023616B2,Non-Alcohol,US20150125906A1,Alcohol,US9275391B2,Non-Autonomous Vehicles,US9449142B2,Autonomous Vehicles
14,US20150125253A1,Non-Alcohol,US20150141704A1,Alcohol,US9275274B2,Non-Autonomous Vehicles,US9389611B2,Autonomous Vehicles
15,US9017741B2,Non-Alcohol,US20150141358A1,Alcohol,US9275008B2,Non-Autonomous Vehicles,US9377315B2,Autonomous Vehicles
16,US9016196B2,Non-Alcohol,US20150133698A1,Alcohol,US9274786B2,Non-Autonomous Vehicles,US20160257311A1,Autonomous Vehicles
17,US9014846B2,Non-Alcohol,US20150128809A1,Alcohol,US9274540B2,Non-Autonomous Vehicles,US9360867B2,Autonomous Vehicles
18,US9012510B2,Non-Alcohol,US20150119559A1,Alcohol,US9274213B2,Non-Autonomous Vehicles,US9258942B2,Autonomous Vehicles
19,US9012509B2,Non-Alcohol,US20150109143A1,Alcohol,US9274157B2,Non-Autonomous Vehicles,US9254870B2,Autonomous Vehicles
20,US9011948B2,Non-Alcohol,EP2860334A2,Alcohol,US9273713B2,Non-Autonomous Vehicles,US9239959B1,Autonomous Vehicles
21,US9010577B2,Non-Alcohol,US20150083880A1,Alcohol,US9273617B2,Non-Autonomous Vehicles,US20170137078A1,Autonomous Vehicles
22,US9005687B2,Non-Alcohol,US20150079255A1,Alcohol,US9273603B2,Non-Autonomous Vehicles,US20170132708A1,Autonomous Vehicles
23,US9005682B2,Non-Alcohol,US20150075738A1,Alcohol,US9273592B2,Non-Autonomous Vehicles,CN106671979A,Autonomous Vehicles
24,US9005190B2,Non-Alcohol,US20150072044A1,Alcohol,US9272854B2,Non-Autonomous Vehicles,US20170124658A1,Autonomous Vehicles
25,US9004744B1,Non-Alcohol,US20150059872A1,Alcohol,US9272744B1,Non-Autonomous Vehicles,US20170113768A1,Autonomous Vehicles
26,US8999645B2,Non-Alcohol,US20150053622A1,Alcohol,US9272738B2,Non-Autonomous Vehicles,US20170113689A1,Autonomous Vehicles
27,US8999424B2,Non-Alcohol,US20150052790A1,Alcohol,US9272725B2,Non-Autonomous Vehicles,US20170113687A1,Autonomous Vehicles
28,US8997633B2,Non-Alcohol,US20150051064A1,Alcohol,US9272724B2,Non-Autonomous Vehicles,US20170106976A1,Autonomous Vehicles
29,US8996178B2,Non-Alcohol,US20150046471A1,Alcohol,US9272714B2,Non-Autonomous Vehicles,US20170106876A1,Autonomous Vehicles
30,US8993033B2,Non-Alcohol,EP2865278A1,Alcohol,US9272712B2,Non-Autonomous Vehicles,CN106570451A,Autonomous Vehicles
31,US8993032B2,Non-Alcohol,EP2862624A1,Alcohol,US9272710B2,Non-Autonomous Vehicles,US20170088242A1,Autonomous Vehicles
32,US8993024B2,Non-Alcohol,EP2861064A1,Alcohol,US9272704B2,Non-Autonomous Vehicles,US20170075358A1,Autonomous Vehicles
33,US8993017B2,Non-Alcohol,EP2753750A4,Alcohol,US9272702B2,Non-Autonomous Vehicles,CN106485340A,Autonomous Vehicles
34,US8993016B2,Non-Alcohol,EP2723939A4,Alcohol,US9272701B2,Non-Autonomous Vehicles,US20170057516A1,Autonomous Vehicles
35,US8993005B2,Non-Alcohol,EP2850374A2,Alcohol,US9272696B2,Non-Autonomous Vehicles,US20170057507A1,Autonomous Vehicles
36,US8986773B2,Non-Alcohol,EP2845641A1,Alcohol,US9272689B2,Non-Autonomous Vehicles,US20170050638A1,Autonomous Vehicles
38,US8986762B2,Non-Alcohol,EP2511857A3,Alcohol,US9272678B2,Non-Autonomous Vehicles,EP3080672A2,Autonomous Vehicles
39,US8986760B2,Non-Alcohol,EP2841555A1,Alcohol,US9272670B2,Non-Autonomous Vehicles,CN106170370A,Autonomous Vehicles
40,US8986682B2,Non-Alcohol,EP2726671A4,Alcohol,US9272667B2,Non-Autonomous Vehicles,EP2869688A4,Autonomous Vehicles
41,US8980352B2,Non-Alcohol,EP2829610A1,Alcohol,US9272666B2,Non-Autonomous Vehicles,EP2966528A1,Autonomous Vehicles
42,US8980350B2,Non-Alcohol,WO2015038215A1,Alcohol,US9272664B2,Non-Autonomous Vehicles,WO2017085132A1,Autonomous Vehicles
43,US8980348B2,Non-Alcohol,WO2014193218A9,Alcohol,US9272659B1,Non-Autonomous Vehicles,WO2017077073A1,Autonomous Vehicles
44,US8978928B2,Non-Alcohol,WO2015064779A1,Alcohol,US9272651B1,Non-Autonomous Vehicles,WO2017057528A1,Autonomous Vehicles
45,US8974840B2,Non-Alcohol,WO2015064748A1,Alcohol,US9272650B2,Non-Autonomous Vehicles,WO2017036640A1,Autonomous Vehicles
46,US8969523B2,Non-Alcohol,WO2015060008A1,Alcohol,US9272645B2,Non-Autonomous Vehicles,WO2017025032A1,Autonomous Vehicles
47,US8962700B2,Non-Alcohol,WO2015058556A1,Alcohol,US9272636B2,Non-Autonomous Vehicles,WO2017024677A1,Autonomous Vehicles
48,US8962678B2,Non-Alcohol,WO2015035423A3,Alcohol,US9272631B2,Non-Autonomous Vehicles,WO2016207627A3,Autonomous Vehicles
49,US8962052B2,Non-Alcohol,WO2015055977A1,Alcohol,US9272629B2,Non-Autonomous Vehicles,WO2017013840A1,Autonomous Vehicles
50,US8960999B1,Non-Alcohol,WO2015055341A1,Alcohol,US9272628B2,Non-Autonomous Vehicles,WO2017010698A1,Autonomous Vehicles
51,US8960500B2,Non-Alcohol,WO2015049353A1,Alcohol,US9272626B2,Non-Autonomous Vehicles,WO2017002093A1,Autonomous Vehicles
52,US8960084B2,Non-Alcohol,WO2015001243A3,Alcohol,US9272625B2,Non-Autonomous Vehicles,WO2016201670A1,Autonomous Vehicles
54,US8957109B2,Non-Alcohol,WO2015032850A1,Alcohol,US9272613B2,Non-Autonomous Vehicles,WO2016186382A1,Autonomous Vehicles
55,US8956670B2,Non-Alcohol,WO2014202223A3,Alcohol,US9272604B2,Non-Autonomous Vehicles,WO2016186381A1,Autonomous Vehicles
56,US8951980B2,Non-Alcohol,WO2015028464A1,Alcohol,US9272589B2,Non-Autonomous Vehicles,WO2016186380A1,Autonomous Vehicles
57,US8950318B2,Non-Alcohol,WO2015021823A1,Alcohol,US9272585B2,Non-Autonomous Vehicles,WO2016186379A1,Autonomous Vehicles
58,US8945656B2,Non-Alcohol,CN104651348A,Alcohol,US9272496B2,Non-Autonomous Vehicles,WO2016185185A1,Autonomous Vehicles
59,US8945655B2,Non-Alcohol,CN104651214A,Alcohol,US9272064B2,Non-Autonomous Vehicles,WO2016165721A1,Autonomous Vehicles
60,US8945645B2,Non-Alcohol,CN104651197A,Alcohol,US9271219B2,Non-Autonomous Vehicles,WO2016145544A1,Autonomous Vehicles
61,US20150110931A1,Non-Alcohol,CN104651196A,Alcohol,US9271073B2,Non-Autonomous Vehicles,WO2016087998A3,Autonomous Vehicles
62,US8943952B2,Non-Alcohol,CN104651195A,Alcohol,US9270407B2,Non-Autonomous Vehicles,CN106794874A,Autonomous Vehicles
63,US8940353B2,Non-Alcohol,CN104651194A,Alcohol,US9270153B2,Non-Autonomous Vehicles,WO2015199789A3,Autonomous Vehicles
64,US8939070B2,Non-Alcohol,CN104651193A,Alcohol,US9270018B2,Non-Autonomous Vehicles,CN106537273A,Autonomous Vehicles
65,US20150132383A1,Non-Alcohol,CN104651192A,Alcohol,US9269936B2,Non-Autonomous Vehicles,WO2016010288A1,Autonomous Vehicles
66,US8936818B2,Non-Alcohol,CN104651191A,Alcohol,US9269861B2,Non-Autonomous Vehicles,CN106781648A,Autonomous Vehicles
67,US8936783B2,Non-Alcohol,CN104651188A,Alcohol,US9269268B2,Non-Autonomous Vehicles,CN106774366A,Autonomous Vehicles
68,US8932841B2,Non-Alcohol,CN104651187A,Alcohol,US9269267B2,Non-Autonomous Vehicles,CN106774343A,Autonomous Vehicles
69,US8932647B1,Non-Alcohol,CN104651184A,Alcohol,US9269263B2,Non-Autonomous Vehicles,CN106774306A,Autonomous Vehicles
70,US8932549B2,Non-Alcohol,CN104651183A,Alcohol,US9269204B2,Non-Autonomous Vehicles,CN106773647A,Autonomous Vehicles
71,US8931398B2,Non-Alcohol,CN104651182A,Alcohol,US9269169B2,Non-Autonomous Vehicles,CN106772631A,Autonomous Vehicles
72,US20150086491A1,Non-Alcohol,CN104651181A,Alcohol,US9268740B2,Non-Autonomous Vehicles,CN106772434A,Autonomous Vehicles
73,US8926960B2,Non-Alcohol,CN104651180A,Alcohol,US9267809B2,Non-Autonomous Vehicles,CN106772313A,Autonomous Vehicles
74,US20150147452A1,Non-Alcohol,CN104651179A,Alcohol,US9267659B2,Non-Autonomous Vehicles,CN106769085A,Autonomous Vehicles
75,US20150147438A1,Non-Alcohol,CN104651178A,Alcohol,WO2016023107A1,Non-Autonomous Vehicles,CN106769080A,Autonomous Vehicles
76,US20150147430A1,Non-Alcohol,CN104651176A,Alcohol,WO2015078696A3,Non-Autonomous Vehicles,CN106767853A,Autonomous Vehicles
77,US20150143832A1,Non-Alcohol,CN104651175A,Alcohol,WO2016022840A1,Non-Autonomous Vehicles,CN106767834A,Autonomous Vehicles
78,US20150141712A1,Non-Alcohol,CN104651174A,Alcohol,WO2016022479A1,Non-Autonomous Vehicles,CN106767793A,Autonomous Vehicles
80,US20150132467A1,Non-Alcohol,CN104651170A,Alcohol,WO2016021698A1,Non-Autonomous Vehicles,CN106741754A,Autonomous Vehicles
81,US20150132440A1,Non-Alcohol,CN104651169A,Alcohol,WO2016021622A1,Non-Autonomous Vehicles,CN106741299A,Autonomous Vehicles
82,US20150132270A1,Non-Alcohol,CN104651168A,Alcohol,WO2016021469A1,Non-Autonomous Vehicles,CN106740916A,Autonomous Vehicles
83,US20150125587A1,Non-Alcohol,CN104651167A,Alcohol,WO2016021340A1,Non-Autonomous Vehicles,CN106740858A,Autonomous Vehicles
84,US20150125571A1,Non-Alcohol,CN104651166A,Alcohol,WO2016021326A1,Non-Autonomous Vehicles,CN106740788A,Autonomous Vehicles
85,US20150125503A1,Non-Alcohol,CN104651164A,Alcohol,WO2016021297A1,Non-Autonomous Vehicles,CN106740700A,Autonomous Vehicles
86,US20150110943A1,Non-Alcohol,CN104651163A,Alcohol,WO2016021136A1,Non-Autonomous Vehicles,CN106740649A,Autonomous Vehicles
87,US20150110926A1,Non-Alcohol,CN104651162A,Alcohol,WO2016021126A1,Non-Autonomous Vehicles,CN106740603A,Autonomous Vehicles
88,US20150110838A1,Non-Alcohol,CN104651159A,Alcohol,WO2016021102A1,Non-Autonomous Vehicles,CN106740526A,Autonomous Vehicles
89,US20150109876A1,Non-Alcohol,CN104651158A,Alcohol,WO2016021077A1,Non-Autonomous Vehicles,CN106740485A,Autonomous Vehicles
90,US20150104545A1,Non-Alcohol,US9981171B2,Alcohol,WO2016021059A1,Non-Autonomous Vehicles,CN106740346A,Autonomous Vehicles
91,US20150104540A1,Non-Alcohol,US9980588B2,Alcohol,WO2016021007A1,Non-Autonomous Vehicles,CN106740328A,Autonomous Vehicles
92,US20150099273A1,Non-Alcohol,US9975839B2,Alcohol,WO2016020847A1,Non-Autonomous Vehicles,CN106737561A,Autonomous Vehicles
93,US20150099048A1,Non-Alcohol,US9969962B2,Alcohol,WO2016020600A1,Non-Autonomous Vehicles,CN106737558A,Autonomous Vehicles
94,US20150099037A1,Non-Alcohol,US9969921B2,Alcohol,WO2016020597A1,Non-Autonomous Vehicles,CN106737551A,Autonomous Vehicles
95,US20150098929A1,Non-Alcohol,US9963286B2,Alcohol,WO2016020591A1,Non-Autonomous Vehicles,CN106737092A,Autonomous Vehicles
96,US20150094355A1,Non-Alcohol,US9962623B2,Alcohol,WO2016020517A1,Non-Autonomous Vehicles,CN106736125A,Autonomous Vehicles
99,US20150064112A1,Non-Alcohol,US9938664B2,Alcohol,WO2016020420A1,Non-Autonomous Vehicles,CN106730891A,Autonomous Vehicles
100,US20150060482A1,Non-Alcohol,US9938491B2,Alcohol,WO2016020417A1,Non-Autonomous Vehicles,CN106724134A,Autonomous Vehicles
101,US20150051143A1,Non-Alcohol,US9938131B2,Alcohol,WO2016020357A1,Non-Autonomous Vehicles,CN106710028A,Autonomous Vehicles
102,US20150050413A1,Non-Alcohol,US9938129B2,Alcohol,WO2016020251A1,Non-Autonomous Vehicles,CN106706341A,Autonomous Vehicles
103,US20150050409A1,Non-Alcohol,US20180147154A1,Alcohol,WO2016020203A1,Non-Autonomous Vehicles,CN106706334A,Autonomous Vehicles
104,US20150044351A1,Non-Alcohol,US9914829B2,Alcohol,WO2016020195A1,Non-Autonomous Vehicles,CN106705975A,Autonomous Vehicles
105,US20150044343A1,Non-Alcohol,US9902816B2,Alcohol,WO2016020193A1,Non-Autonomous Vehicles,CN106696914A,Autonomous Vehicles
106,US20150044330A1,Non-Alcohol,US9890031B2,Alcohol,WO2016020117A1,Non-Autonomous Vehicles,CN106693802A,Autonomous Vehicles
107,US20150044302A1,Non-Alcohol,US9873097B1,Alcohol,WO2016020092A1,Non-Autonomous Vehicles,CN106690418A,Autonomous Vehicles
109,US20150038589A1,Non-Alcohol,US9857237B2,Alcohol,WO2016020036A1,Non-Autonomous Vehicles,CN106677000A,Autonomous Vehicles
110,US20150037461A1,Non-Alcohol,US9840687B2,Alcohol,WO2016019705A1,Non-Autonomous Vehicles,CN106671982A,Autonomous Vehicles
111,US20150037460A1,Non-Alcohol,US9828231B2,Alcohol,WO2016019510A1,Non-Autonomous Vehicles,CN106647738A,Autonomous Vehicles
112,US20150033958A1,Non-Alcohol,US9816062B2,Alcohol,WO2015075668A8,Non-Autonomous Vehicles,CN106644388A,Autonomous Vehicles
113,US20150031096A1,Non-Alcohol,US9808004B2,Alcohol,WO2016018999A1,Non-Autonomous Vehicles,CN106627613A,Autonomous Vehicles
114,US20150030775A1,Non-Alcohol,US9802805B2,Alcohol,WO2016018320A1,Non-Autonomous Vehicles,CN106627512A,Autonomous Vehicles
115,US20150030747A1,Non-Alcohol,US9796955B2,Alcohol,WO2016018120A1,Non-Autonomous Vehicles,CN106627510A,Autonomous Vehicles
116,US20150030737A1,Non-Alcohol,US9795934B2,Alcohol,WO2016018119A1,Non-Autonomous Vehicles,CN106627356A,Autonomous Vehicles
117,US20150030723A1,Non-Alcohol,US20180031534A1,Alcohol,WO2016018022A1,Non-Autonomous Vehicles,CN106625717A,Autonomous Vehicles
118,US20150030722A1,Non-Alcohol,US20170360195A1,Alcohol,WO2016017963A1,Non-Autonomous Vehicles,CN106624507A,Autonomous Vehicles
119,US20150030687A1,Non-Alcohol,US9777033B2,Alcohol,WO2016017960A1,Non-Autonomous Vehicles,CN106601003A,Autonomous Vehicles
120,US20150024088A1,Non-Alcohol,US9763515B2,Alcohol,WO2016017636A1,Non-Autonomous Vehicles,US9666069B2,Autonomous Vehicles
121,US20150024086A1,Non-Alcohol,US9758798B2,Alcohol,WO2016017608A1,Non-Autonomous Vehicles,US9665100B2,Autonomous Vehicles
122,US20150023936A1,Non-Alcohol,US20180135028A1,Alcohol,WO2016017201A1,Non-Autonomous Vehicles,US9663118B1,Autonomous Vehicles
123,US20150017106A1,Non-Alcohol,US9758753B2,Alcohol,WO2016017173A1,Non-Autonomous Vehicles,US9654738B1,Autonomous Vehicles
124,US20150014871A1,Non-Alcohol,US9752110B2,Alcohol,WO2016017089A1,Non-Autonomous Vehicles,US9645578B2,Autonomous Vehicles
125,US20150010683A1,Non-Alcohol,US9751743B2,Alcohol,WO2016017079A1,Non-Autonomous Vehicles,US9635346B2,Autonomous Vehicles
126,US20150007733A1,Non-Alcohol,US9736554B2,Alcohol,WO2016017077A1,Non-Autonomous Vehicles,US9630644B2,Autonomous Vehicles
127,US20150004283A1,Non-Alcohol,US20170298393A1,Alcohol,WO2016017040A1,Non-Autonomous Vehicles,WO2017079349A1,Autonomous Vehicles
128,US20150004282A1,Non-Alcohol,US9732302B2,Alcohol,WO2016016981A1,Non-Autonomous Vehicles,US9630616B2,Autonomous Vehicles
129,US20150004147A1,Non-Alcohol,US9732169B2,Alcohol,WO2016016980A1,Non-Autonomous Vehicles,US9625911B2,Autonomous Vehicles
130,EP2731451A4,Non-Alcohol,US9732022B2,Alcohol,WO2016016978A1,Non-Autonomous Vehicles,US20170106905A1,Autonomous Vehicles
131,EP2407170B1,Non-Alcohol,US9668573B2,Alcohol,WO2016016924A1,Non-Autonomous Vehicles,US9625597B2,Autonomous Vehicles
132,EP2423290A4,Non-Alcohol,US9659320B2,Alcohol,WO2016016708A1,Non-Autonomous Vehicles,US9615497B2,Autonomous Vehicles
133,EP2861751A1,Non-Alcohol,US9637274B2,Alcohol,WO2016016578A1,Non-Autonomous Vehicles,US9613386B1,Autonomous Vehicles
134,EP2374382B1,Non-Alcohol,US9624512B2,Alcohol,WO2016016549A1,Non-Autonomous Vehicles,US9612597B2,Autonomous Vehicles
135,EP2866029A1,Non-Alcohol,US9624001B1,Alcohol,WO2016016548A1,Non-Autonomous Vehicles,US9610949B2,Autonomous Vehicles
136,EP2355667B1,Non-Alcohol,US9615660B2,Alcohol,WO2016016530A2,Non-Autonomous Vehicles,US9604642B2,Autonomous Vehicles
137,EP2485626B1,Non-Alcohol,USPP27839P2,Alcohol,WO2016016529A1,Non-Autonomous Vehicles,US9603300B2,Autonomous Vehicles
138,EP2657256B1,Non-Alcohol,US9611452B2,Alcohol,WO2016016524A1,Non-Autonomous Vehicles,US9594379B1,Autonomous Vehicles
139,EP2398450B1,Non-Alcohol,US20170145445A1,Alcohol,WO2016016523A1,Non-Autonomous Vehicles,US9587952B1,Autonomous Vehicles
141,EP2442695B1,Non-Alcohol,US9592478B2,Alcohol,WO2016016371A1,Non-Autonomous Vehicles,US9582004B2,Autonomous Vehicles
142,EP1909590B1,Non-Alcohol,US9580287B2,Alcohol,WO2016016354A1,Non-Autonomous Vehicles,US9582003B1,Autonomous Vehicles
143,EP2592953B1,Non-Alcohol,US9580225B2,Alcohol,WO2016016175A1,Non-Autonomous Vehicles,US20170075356A1,Autonomous Vehicles
144,EP1432321B1,Non-Alcohol,US9579612B2,Alcohol,WO2016016050A1,Non-Autonomous Vehicles,US9576083B2,Autonomous Vehicles
145,EP2589567B1,Non-Alcohol,US9567360B2,Alcohol,WO2016016029A1,Non-Autonomous Vehicles,US9568915B1,Autonomous Vehicles
146,EP2027864B1,Non-Alcohol,US9555301B2,Alcohol,WO2016015959A1,Non-Autonomous Vehicles,US9567007B2,Autonomous Vehicles
147,EP2682018B1,Non-Alcohol,US9540603B2,Alcohol,WO2016015954A1,Non-Autonomous Vehicles,US9566983B2,Autonomous Vehicles
148,EP2242373B1,Non-Alcohol,US9540471B2,Alcohol,WO2016015938A1,Non-Autonomous Vehicles,US9562777B2,Autonomous Vehicles
150,EP2305838B1,Non-Alcohol,US9511910B2,Alcohol,CN103661108B,Non-Autonomous Vehicles,US9558413B2,Autonomous Vehicles
151,EP2876169A1,Non-Alcohol,US9510521B2,Alcohol,CN103660999B,Non-Autonomous Vehicles,US9557183B1,Autonomous Vehicles
152,EP2875758A1,Non-Alcohol,US9499460B2,Alcohol,CN103625385B,Non-Autonomous Vehicles,US9555740B1,Autonomous Vehicles
153,EP2874509A2,Non-Alcohol,US9499386B2,Alcohol,CN103619658B,Non-Autonomous Vehicles,US9552735B2,Autonomous Vehicles
154,EP2793618A4,Non-Alcohol,US9488599B2,Alcohol,CN103582582B,Non-Autonomous Vehicles,US9551992B1,Autonomous Vehicles
155,EP2580966A4,Non-Alcohol,US9486754B2,Alcohol,CN103569205B,Non-Autonomous Vehicles,EP3146399A1,Autonomous Vehicles
157,EP2872014A2,Non-Alcohol,US9464339B2,Alcohol,CN103522976B,Non-Autonomous Vehicles,US9541409B2,Autonomous Vehicles
158,EP2871979A1,Non-Alcohol,US9463663B1,Alcohol,CN103503198B,Non-Autonomous Vehicles,US9539961B2,Autonomous Vehicles
159,EP2871969A1,Non-Alcohol,US9463423B2,Alcohol,CN103502062B,Non-Autonomous Vehicles,US9535423B1,Autonomous Vehicles
160,EP2735616A4,Non-Alcohol,US9458556B2,Alcohol,CN103502038B,Non-Autonomous Vehicles,US9535422B2,Autonomous Vehicles
161,EP2869720A1,Non-Alcohol,US9453245B2,Alcohol,CN103476656B,Non-Autonomous Vehicles,US20170122766A1,Autonomous Vehicles
162,EP2810567A4,Non-Alcohol,US9451863B1,Alcohol,CN103476614B,Non-Autonomous Vehicles,US9534910B2,Autonomous Vehicles
163,EP2868208A1,Non-Alcohol,US9442086B2,Alcohol,CN103465848B,Non-Autonomous Vehicles,US20170123433A1,Autonomous Vehicles
164,EP2866588A1,Non-Alcohol,US20160281039A1,Alcohol,CN103380041B,Non-Autonomous Vehicles,US9528838B2,Autonomous Vehicles
165,EP2866587A1,Non-Alcohol,US9434917B2,Alcohol,CN103338959B,Non-Autonomous Vehicles,US9527527B2,Autonomous Vehicles
167,EP2866574A2,Non-Alcohol,US9416384B2,Alcohol,CN103287284B,Non-Autonomous Vehicles,US9517771B2,Autonomous Vehicles
168,EP2766026A4,Non-Alcohol,US9416342B2,Alcohol,CN103253204B,Non-Autonomous Vehicles,US9511767B1,Autonomous Vehicles
170,EP2865744A1,Non-Alcohol,US9388207B2,Alcohol,CN103249588B,Non-Autonomous Vehicles,US20170072809A1,Autonomous Vehicles
171,EP2863933A1,Non-Alcohol,US9382507B2,Alcohol,CN103213504B,Non-Autonomous Vehicles,US9494938B1,Autonomous Vehicles
172,EP2863929A1,Non-Alcohol,US9382389B2,Alcohol,CN103201927B,Non-Autonomous Vehicles,US20170045885A1,Autonomous Vehicles
173,EP2863783A2,Non-Alcohol,US9381145B2,Alcohol,CN103182993B,Non-Autonomous Vehicles,US20170060129A1,Autonomous Vehicles
174,EP2863755A1,Non-Alcohol,US9333221B2,Alcohol,CN103167965B,Non-Autonomous Vehicles,US20170050637A1,Autonomous Vehicles
175,EP2620083A4,Non-Alcohol,US9314042B2,Alcohol,CN103153691B,Non-Autonomous Vehicles,US9488984B1,Autonomous Vehicles
176,EP2863227A1,Non-Alcohol,US9309102B2,Alcohol,CN103119356B,Non-Autonomous Vehicles,US9487275B2,Autonomous Vehicles
177,EP2861521A2,Non-Alcohol,US9302815B2,Alcohol,CN103079934B,Non-Autonomous Vehicles,US9483059B2,Autonomous Vehicles
178,EP2741648A4,Non-Alcohol,US9289062B1,Alcohol,CN103010129B,Non-Autonomous Vehicles,US9483053B2,Autonomous Vehicles
179,EP2717876A4,Non-Alcohol,US20160207752A1,Alcohol,CN102975652B,Non-Autonomous Vehicles,US9481459B2,Autonomous Vehicles
180,EP2569415A4,Non-Alcohol,US9266917B2,Alcohol,CN102906959B,Non-Autonomous Vehicles,US9477225B2,Autonomous Vehicles
181,EP2496099A4,Non-Alcohol,US9260683B2,Alcohol,CN102869527B,Non-Autonomous Vehicles,US9475496B2,Autonomous Vehicles
182,EP2860268A1,Non-Alcohol,US9242793B1,Alcohol,CN102848944B,Non-Autonomous Vehicles,US20170010679A1,Autonomous Vehicles
183,EP2859098A1,Non-Alcohol,US9238788B2,Alcohol,CN102664441B,Non-Autonomous Vehicles,US20170015395A1,Autonomous Vehicles
184,EP2859097A1,Non-Alcohol,US9238184B2,Alcohol,CN102476584B,Non-Autonomous Vehicles,US9459363B2,Autonomous Vehicles
185,EP2809175A4,Non-Alcohol,US20180147553A1,Alcohol,CN102455203B,Non-Autonomous Vehicles,US9457879B2,Autonomous Vehicles
186,EP2772712A3,Non-Alcohol,US20180141798A1,Alcohol,CN102419242B,Non-Autonomous Vehicles,US9457684B2,Autonomous Vehicles
187,EP2734049A4,Non-Alcohol,US20180135082A1,Alcohol,CN102414067B,Non-Autonomous Vehicles,US20170003687A1,Autonomous Vehicles
188,EP2578091A4,Non-Alcohol,US20180127693A1,Alcohol,CN102384256B,Non-Autonomous Vehicles,US9446768B2,Autonomous Vehicles
189,EP2322193A4,Non-Alcohol,US20180125917A1,Alcohol,CN102027708B,Non-Autonomous Vehicles,US9428183B2,Autonomous Vehicles
190,EP2857027A1,Non-Alcohol,US20180119076A1,Alcohol,CN101995662B,Non-Autonomous Vehicles,US9428163B2,Autonomous Vehicles
191,EP2855674A1,Non-Alcohol,US20180117540A1,Alcohol,CN101712274B,Non-Autonomous Vehicles,US9409549B2,Autonomous Vehicles
192,EP2772714A3,Non-Alcohol,US20180112163A1,Alcohol,CN104773061B,Non-Autonomous Vehicles,US9405293B2,Autonomous Vehicles
193,EP2772713A3,Non-Alcohol,US20180105777A1,Alcohol,CN104691400B,Non-Autonomous Vehicles,US20160341565A1,Autonomous Vehicles
194,EP2752120A4,Non-Alcohol,US20180100693A1,Alcohol,CN104582986B,Non-Autonomous Vehicles,US9400500B2,Autonomous Vehicles
195,EP2731599A4,Non-Alcohol,US20180100692A1,Alcohol,CN104249668B,Non-Autonomous Vehicles,US9400187B2,Autonomous Vehicles
196,EP2566346A4,Non-Alcohol,US20180099853A1,Alcohol,CN104163031B,Non-Autonomous Vehicles,US9399472B2,Autonomous Vehicles
197,EP2853593A1,Non-Alcohol,US20180099852A1,Alcohol,CN104118361B,Non-Autonomous Vehicles,US9392743B2,Autonomous Vehicles
198,EP2852308A1,Non-Alcohol,US20180096207A1,Alcohol,CN104044474B,Non-Autonomous Vehicles,EP2976243B1,Autonomous Vehicles
199,EP2852298A2,Non-Alcohol,US20180094304A1,Alcohol,CN104029645B,Non-Autonomous Vehicles,EP2930580B1,Autonomous Vehicles
200,EP2772710A3,Non-Alcohol,US20180094229A1,Alcohol,EP2822746B1,Non-Autonomous Vehicles,US20160280345A1,Autonomous Vehicles
201,EP2772708A3,Non-Alcohol,US20180080173A1,Alcohol,EP2805850B1,Non-Autonomous Vehicles,EP2628062A4,Autonomous Vehicles
202,EP2702873A4,Non-Alcohol,US20180071684A1,Alcohol,EP2803905B1,Non-Autonomous Vehicles,US9381918B1,Autonomous Vehicles
203,EP1900285A4,Non-Alcohol,US20180057807A1,Alcohol,EP2803568B1,Non-Autonomous Vehicles,US20160351056A1,Autonomous Vehicles
204,EP2766027A4,Non-Alcohol,US20180057779A1,Alcohol,EP2775197B1,Non-Autonomous Vehicles,US20160266581A1,Autonomous Vehicles
205,EP2355671A4,Non-Alcohol,US20180057778A1,Alcohol,EP2586678B1,Non-Autonomous Vehicles,US9361795B2,Autonomous Vehicles
206,EP2846642A1,Non-Alcohol,US20180055263A1,Alcohol,EP2512840B1,Non-Autonomous Vehicles,US9360865B2,Autonomous Vehicles
207,EP2811035A3,Non-Alcohol,US20180051239A1,Alcohol,EP2465134B1,Non-Autonomous Vehicles,US9355562B1,Autonomous Vehicles
208,EP2719371A3,Non-Alcohol,US20180050895A1,Alcohol,EP2399764B1,Non-Autonomous Vehicles,EP2981445A4,Autonomous Vehicles
209,EP2845495A1,Non-Alcohol,US20180045548A1,Alcohol,EP2298601B1,Non-Autonomous Vehicles,US9340126B2,Autonomous Vehicles
210,EP2696839A4,Non-Alcohol,US20180044621A1,Alcohol,EP2099654B1,Non-Autonomous Vehicles,US9335765B2,Autonomous Vehicles
211,EP2818538A3,Non-Alcohol,US20180036691A1,Alcohol,EP2054246B1,Non-Autonomous Vehicles,US20160325808A1,Autonomous Vehicles
212,EP2757151A4,Non-Alcohol,US20180032948A1,Alcohol,EP1849938B1,Non-Autonomous Vehicles,US9317033B2,Autonomous Vehicles
213,EP2725913A4,Non-Alcohol,US20180030555A1,Alcohol,EP1728163B1,Non-Autonomous Vehicles,US9308891B2,Autonomous Vehicles
214,EP2348895A4,Non-Alcohol,US20180030483A1,Alcohol,EP1587036B8,Non-Autonomous Vehicles,US9304515B2,Autonomous Vehicles
215,EP2838799A2,Non-Alcohol,US20180030393A1,Alcohol,EP2777968B1,Non-Autonomous Vehicles,US9283967B2,Autonomous Vehicles
216,EP2725038A4,Non-Alcohol,US20180014555A1,Alcohol,EP2734392B1,Non-Autonomous Vehicles,US9278689B1,Autonomous Vehicles
218,EP2554053A4,Non-Alcohol,US20170367522A1,Alcohol,EP2675688B1,Non-Autonomous Vehicles,US9272708B2,Autonomous Vehicles
219,EP2674163A4,Non-Alcohol,US20170360031A1,Alcohol,EP2634043B1,Non-Autonomous Vehicles,US9269242B2,Autonomous Vehicles
220,EP2641472A4,Non-Alcohol,US20170355939A1,Alcohol,EP2631138B1,Non-Autonomous Vehicles,US9268335B2,Autonomous Vehicles
222,EP2724627A4,Non-Alcohol,US20170341044A1,Alcohol,EP2564684B1,Non-Autonomous Vehicles,US9235211B2,Autonomous Vehicles
223,EP2572590A4,Non-Alcohol,US20170335262A1,Alcohol,EP2560839B1,Non-Autonomous Vehicles,CN105539586A,Autonomous Vehicles
224,EP2166874A4,Non-Alcohol,US20170320805A1,Alcohol,EP2557745B1,Non-Autonomous Vehicles,US20170154371A1,Autonomous Vehicles
225,EP2129231A4,Non-Alcohol,US20170320717A1,Alcohol,EP2489555B1,Non-Autonomous Vehicles,WO2017087984A1,Autonomous Vehicles
226,EP1716001A4,Non-Alcohol,US20170313964A1,Alcohol,EP2407361B1,Non-Autonomous Vehicles,US20170141873A1,Autonomous Vehicles
227,EP2822404A1,Non-Alcohol,US20170313963A1,Alcohol,EP2285611B1,Non-Autonomous Vehicles,US20170139418A1,Autonomous Vehicles
228,WO2015061028A1,Non-Alcohol,US20170306558A1,Alcohol,EP2265482B1,Non-Autonomous Vehicles,US20170139412A1,Autonomous Vehicles
229,WO2015048001A3,Non-Alcohol,US20170300983A1,Alcohol,EP2186680B1,Non-Autonomous Vehicles,US20170137098A1,Autonomous Vehicles
230,WO2015038349A1,Non-Alcohol,US20170297890A1,Alcohol,EP2134571B1,Non-Autonomous Vehicles,US20170135277A1,Autonomous Vehicles
231,WO2015033118A1,Non-Alcohol,US20170292099A1,Alcohol,EP2113410B1,Non-Autonomous Vehicles,US20170132118A1,Autonomous Vehicles
234,WO2015006588A9,Non-Alcohol,US20170283127A1,Alcohol,EP2841296B1,Non-Autonomous Vehicles,US20170124512A1,Autonomous Vehicles
235,WO2015009481A3,Non-Alcohol,US20170274035A1,Alcohol,EP2828724B1,Non-Autonomous Vehicles,US20170108867A1,Autonomous Vehicles
236,WO2015063017A1,Non-Alcohol,US20170238582A1,Alcohol,EP2828119B1,Non-Autonomous Vehicles,US20170101032A1,Autonomous Vehicles
237,WO2015055775A1,Non-Alcohol,US20170225933A1,Alcohol,EP2796320B1,Non-Autonomous Vehicles,US20170090480A1,Autonomous Vehicles
238,WO2015014490A1,Non-Alcohol,US20170218316A1,Alcohol,EP2792920B1,Non-Autonomous Vehicles,WO2017058961A3,Autonomous Vehicles
239,WO2015007791A1,Non-Alcohol,US20170216795A1,Alcohol,EP2786028B1,Non-Autonomous Vehicles,US20170088038A1,Autonomous Vehicles
240,WO2015000580A3,Non-Alcohol,US20170216188A1,Alcohol,EP2774245B1,Non-Autonomous Vehicles,US20170080933A1,Autonomous Vehicles
241,WO2015075473A1,Non-Alcohol,US20170215471A1,Alcohol,CN103875025B,Non-Autonomous Vehicles,WO2017048502A1,Autonomous Vehicles
242,WO2015074499A1,Non-Alcohol,US20170204354A1,Alcohol,EP2694331B1,Non-Autonomous Vehicles,CN106660560A,Autonomous Vehicles
243,WO2014193218A9,Non-Alcohol,US20170203949A1,Alcohol,EP2664528B1,Non-Autonomous Vehicles,US20170068245A1,Autonomous Vehicles
244,WO2015071478A1,Non-Alcohol,US20170197141A1,Alcohol,EP2656466B1,Non-Autonomous Vehicles,US20170060137A1,Autonomous Vehicles
245,WO2015068790A1,Non-Alcohol,US20170183818A1,Alcohol,EP2599698B1,Non-Autonomous Vehicles,EP3141443A1,Autonomous Vehicles
246,WO2015068078A1,Non-Alcohol,US20170158477A1,Alcohol,EP2599697B1,Non-Autonomous Vehicles,US20170057520A1,Autonomous Vehicles
247,WO2015067559A1,Non-Alcohol,US20170157481A1,Alcohol,EP2596966B1,Non-Autonomous Vehicles,US20170052537A1,Autonomous Vehicles
248,WO2015066970A1,Non-Alcohol,US20170151304A1,Alcohol,EP2591926B1,Non-Autonomous Vehicles,US20170050642A1,Autonomous Vehicles
249,WO2015066767A1,Non-Alcohol,US20170145360A1,Alcohol,EP2559574B1,Non-Autonomous Vehicles,CN106467147A,Autonomous Vehicles
250,WO2015066490A1,Non-Alcohol,US20170132726A1,Alcohol,EP2543526B1,Non-Autonomous Vehicles,EP3121084A3,Autonomous Vehicles
251,WO2015065887A1,Non-Alcohol,US20170130398A1,Alcohol,EP1958836B1,Non-Autonomous Vehicles,US20170036678A1,Autonomous Vehicles
252,WO2015063577A1,Non-Alcohol,US20170130180A1,Alcohol,EP2644439B1,Non-Autonomous Vehicles,US20170034983A1,Autonomous Vehicles
253,WO2015063476A1,Non-Alcohol,US20170121657A1,Alcohol,EP2641300B1,Non-Autonomous Vehicles,US20170031364A1,Autonomous Vehicles
254,WO2015063282A1,Non-Alcohol,US20170107466A1,Alcohol,EP2593337B1,Non-Autonomous Vehicles,CN106463049A,Autonomous Vehicles
255,WO2015063094A1,Non-Alcohol,US20170103447A1,Alcohol,EP2572944B1,Non-Autonomous Vehicles,CN106347345A,Autonomous Vehicles
256,WO2015062392A1,Non-Alcohol,US20170101301A1,Alcohol,EP2527200B1,Non-Autonomous Vehicles,CN106564505A,Autonomous Vehicles
257,WO2015060374A1,Non-Alcohol,US20170088869A1,Alcohol,EP2517281B1,Non-Autonomous Vehicles,US20160375901A1,Autonomous Vehicles
258,WO2015059690A1,Non-Alcohol,US20170071336A1,Alcohol,EP2502036B1,Non-Autonomous Vehicles,US20160375768A1,Autonomous Vehicles
259,WO2015059248A1,Non-Alcohol,US20170049135A1,Alcohol,EP2487073B1,Non-Autonomous Vehicles,WO2016209595A1,Autonomous Vehicles
260,WO2015059243A1,Non-Alcohol,US20170030017A1,Alcohol,EP2481635B1,Non-Autonomous Vehicles,US20160362084A1,Autonomous Vehicles
261,WO2015056770A1,Non-Alcohol,US20170027351A1,Alcohol,EP2430321B1,Non-Autonomous Vehicles,EP3107806A2,Autonomous Vehicles
263,WO2015053539A1,Non-Alcohol,US20170022463A1,Alcohol,EP2343214B1,Non-Autonomous Vehicles,EP3105750A1,Autonomous Vehicles
264,WO2015053379A1,Non-Alcohol,US20170013983A1,Alcohol,EP2327612B1,Non-Autonomous Vehicles,US20160301698A1,Autonomous Vehicles
265,WO2015053336A1,Non-Alcohol,US20160376537A1,Alcohol,EP2292946B1,Non-Autonomous Vehicles,US20160285288A1,Autonomous Vehicles
266,WO2015053281A1,Non-Alcohol,US20160376436A1,Alcohol,EP2826678B1,Non-Autonomous Vehicles,US20160282870A1,Autonomous Vehicles
267,WO2015053280A1,Non-Alcohol,US20160375678A1,Alcohol,CN104285047B,Non-Autonomous Vehicles,US20160282869A1,Autonomous Vehicles
268,WO2015052749A1,Non-Alcohol,US20160374364A1,Alcohol,EP2785552B1,Non-Autonomous Vehicles,US20160282868A1,Autonomous Vehicles
269,WO2015052315A2,Non-Alcohol,US20160369214A1,Alcohol,EP2782787B1,Non-Autonomous Vehicles,US20160282867A1,Autonomous Vehicles
270,WO2015052149A1,Non-Alcohol,US20160368749A1,Alcohol,EP2724920B1,Non-Autonomous Vehicles,US20160282866A1,Autonomous Vehicles
271,WO2015051429A1,Non-Alcohol,US20160340627A1,Alcohol,EP2707254B1,Non-Autonomous Vehicles,US20160274588A1,Autonomous Vehicles
272,WO2014207557A3,Non-Alcohol,US20160331131A1,Alcohol,EP2684729B1,Non-Autonomous Vehicles,EP3056959A1,Autonomous Vehicles
274,WO2014152558A3,Non-Alcohol,US20160326471A1,Alcohol,EP2621759B1,Non-Autonomous Vehicles,EP3056960A1,Autonomous Vehicles
275,WO2015048163A1,Non-Alcohol,US20160319230A1,Alcohol,EP2598380B1,Non-Autonomous Vehicles,US20160209220A1,Autonomous Vehicles
276,WO2015046279A1,Non-Alcohol,US20160313260A1,Alcohol,EP2586639B1,Non-Autonomous Vehicles,US20160207538A1,Autonomous Vehicles
277,WO2015046183A1,Non-Alcohol,US20160289619A1,Alcohol,EP2578475B1,Non-Autonomous Vehicles,US20160205146A1,Autonomous Vehicles
278,WO2015044292A1,Non-Alcohol,US20160281040A1,Alcohol,EP2550173B1,Non-Autonomous Vehicles,US20160203649A1,Autonomous Vehicles
279,WO2015044224A1,Non-Alcohol,US20160280529A1,Alcohol,EP2497669B1,Non-Autonomous Vehicles,WO2017076910A1,Autonomous Vehicles
280,WO2015043326A1,Non-Alcohol,US20160280527A1,Alcohol,US9265100B2,Non-Autonomous Vehicles,WO2017071911A1,Autonomous Vehicles
281,WO2015042475A1,Non-Alcohol,US20160271572A1,Alcohol,US9264790B2,Non-Autonomous Vehicles,WO2017044495A1,Autonomous Vehicles
282,WO2015041194A1,Non-Alcohol,US20160264322A1,Alcohol,US9264673B2,Non-Autonomous Vehicles,WO2017040929A1,Autonomous Vehicles
283,WO2015040135A1,Non-Alcohol,US20160260155A1,Alcohol,US9264672B2,Non-Autonomous Vehicles,US20160161602A1,Autonomous Vehicles
284,WO2015039511A1,Non-Alcohol,US20160251604A1,Alcohol,US9263975B2,Non-Autonomous Vehicles,US20160144859A1,Autonomous Vehicles
285,WO2015039166A1,Non-Alcohol,US20160237492A1,Alcohol,US9263778B2,Non-Autonomous Vehicles,EP3102744A1,Autonomous Vehicles
286,WO2014188275A3,Non-Alcohol,US20160237387A1,Alcohol,US9263744B2,Non-Autonomous Vehicles,CN105806354A,Autonomous Vehicles
287,WO2015037720A1,Non-Alcohol,US20160228830A1,Alcohol,US9263208B2,Non-Autonomous Vehicles,EP2436620A3,Autonomous Vehicles
288,WO2015037719A1,Non-Alcohol,US20160222419A1,Alcohol,US9262925B2,Non-Autonomous Vehicles,EP2964515A1,Autonomous Vehicles
289,WO2015037648A1,Non-Alcohol,US20160215244A1,Alcohol,US9262920B2,Non-Autonomous Vehicles,WO2017077598A1,Autonomous Vehicles
290,WO2015036516A1,Non-Alcohol,US20160215196A1,Alcohol,US9262817B2,Non-Autonomous Vehicles,CN104471624B,Autonomous Vehicles
292,WO2015034068A1,Non-Alcohol,US20160208205A1,Alcohol,US9261988B2,Non-Autonomous Vehicles,CN104192017B,Autonomous Vehicles
293,WO2015033056A1,Non-Alcohol,US20160194586A1,Alcohol,US9261259B2,Non-Autonomous Vehicles,CN103246284B,Autonomous Vehicles
294,WO2015032787A1,Non-Alcohol,US20160184781A1,Alcohol,US9261035B2,Non-Autonomous Vehicles,CN102901510B,Autonomous Vehicles
295,WO2015032008A1,Non-Alcohol,US20160176589A1,Alcohol,CN103354991B,Non-Autonomous Vehicles,CN103281742B,Autonomous Vehicles
296,WO2015031940A1,Non-Alcohol,US20160175783A1,Alcohol,US9257926B2,Non-Autonomous Vehicles,CN102806912B,Autonomous Vehicles
297,WO2015003995A3,Non-Alcohol,US20160175782A1,Alcohol,US9257918B2,Non-Autonomous Vehicles,CN206091477U,Autonomous Vehicles
298,WO2014201037A3,Non-Alcohol,US20160175781A1,Alcohol,US9257867B2,Non-Autonomous Vehicles,EP2544928B1,Autonomous Vehicles
299,WO2015031637A1,Non-Alcohol,US20160145551A1,Alcohol,US9257832B2,Non-Autonomous Vehicles,EP2758295B1,Autonomous Vehicles
